max_enter,safety,kind_simulation,safety_minutes_mean,exceeded_minutes_mean,max_utilization_mean,avg_utilization_mean,avg_queue_mean,people_moved_mean
120.0,0.7,bound,625.3,0.9416666666666667,0.8593936087667922,0.22216604893824834,4927.562693065406,1.115379186666667e6
120.0,0.8,bound,519.4916666666667,7.458333333333333,1.0231582215722848,0.24760427407069824,3986.5710453605193,1.2421250616666663e6
120.0,0.9,bound,563.5333333333333,31.966666666666665,1.2042779320481114,0.2701961780815021,3126.5711080329,1.3551707577777773e6
120.0,1.0,bound,426.26666666666665,426.26666666666665,1.347911988487628,0.2875997914540892,2382.3586306885322,1.445958388333333e6
180.0,0.7,bound,718.6166666666667,3.966666666666667,0.9413945054800428,0.2225879606077003,4907.411966730691,1.1162494894444444e6
180.0,0.8,bound,630.2166666666667,13.091666666666667,1.1180182968531664,0.24786104597474534,3965.2652915681642,1.2445485149999997e6
180.0,0.9,bound,632.5333333333333,44.575,1.2709944417080663,0.2697433655883678,3110.812825920999,1.357480129444444e6
180.0,1.0,bound,499.7416666666667,499.7416666666667,1.4229588842016638,0.2878968877924131,2345.614988918439,1.453820420555555e6
180.0,0.7,unbound,20889.666666666668,8458.0,2.4893164622170705,0.32669511115799954,0.0,1.6639143333333333e6
